{
  "IsEncrypted": false,
  "Values": {
    "AzureWebJobsStorage": "DefaultEndpointsProtocol=https;AccountName=udacityprojectstorage3ac;AccountKey=fHWVOtOr4Rk0zWeAzMym9hHXBZJEZBWDb6wkTV7gufMLoV2CPtaO9c/C0RyPcuP1vBMyNR9MkQz2nLxp/uOLDA==;EndpointSuffix=core.windows.net",
    "FUNCTIONS_WORKER_RUNTIME": "python",
    "AzureServiceBusConnectionString": "Endpoint=sb://udacitybusnamespace.servicebus.windows.net/;SharedAccessKeyName=RootManageSharedAccessKey;SharedAccessKey=QYqDuXjXaAFWl92M5FPGJP5xfAZi6/E+VV2Jt78F/7I="
  },
  "ConnectionStrings": {
    "AzureServiceBusConnectionString": "Endpoint=sb://udacitybusnamespace.servicebus.windows.net/;SharedAccessKeyName=RootManageSharedAccessKey;SharedAccessKey=QYqDuXjXaAFWl92M5FPGJP5xfAZi6/E+VV2Jt78F/7I="

  }
}